{
  "results": {
    "lgb_oof": 0.6884055559440695,
    "cb_oof": 0.6883793032997066,
    "blend_oof": 0.6883063594165031,
    "stack_oof": 0.6883065151810625
  },
  "best": "blend_oof",
  "blend_w_lgb": 0.5000000000000001,
  "seed": 42
}